census_subdivision_id,census_year,clab_id,band_number,first_nation_name_primary,first_nation_name_secondary,nation,data_notes
5901804,2011,,604,?Akisq'nuk First Nation,Columbia Lake Indian Band,,
5901803,2011,,602,?Aq'am,St. Mary's,,
5941882,2011,,709,?Esdilagh First Nation,Alexandria Indian Band,,
5933884,2011,,684,Adams Lake,,,
5923808,2011,,659,Ahousaht,,,
5909835,2011,,558,Aitchelitz,,,
5933844,2011,,685,Ashcroft,,,
5917809,2011,,640,Beecher Bay,Scia'new First Nation,,
5955803,2011,,547,Blueberry River First Nations,,,
5933812,2011,,686,Bonaparte,,,
5909819,2011,,700,Boothroyd,,,
5909806,2011,,701,Boston Bar First Nation,,,
5951815,2011,,619,Burns Lake,,,
5924804,2011,,622,Campbell River,We Wai Kum First Nation,,
5941802,2011,,713,Canim Lake,Tsq'escen’,,
5924812,2011,,623,Cape Mudge,We Wai Kai,,
5931814,2011,,591,Cayoose Creek,Sekw'el'was,,
5909804,2011,,583,Chawathil,Hope Indian Band,,
5909837,2011,,584,Cheam,,,
5951818,2011,,620,Cheslatta Carrier Nation,,,
5933801,2011,,693,Coldwater,,,
5933834,2011,,694,Cook's Ferry,,,
5919822,2011,,642,Cowichan Tribes,,,
,,7095,635,Da'naxda'xw/Awaetlala First Nation,Tanakteuk Indian Band,,
5957804,2011,,504,Dease River,,,"AANDC First Nation Profiles includes this nation in Yukon, not BC."
5919814,2011,,662,Ditidaht,,,
5955804,2011,,548,Doig River First Nation,,,
5943813,2011,,636,Dzawada'enuxw First Nation,Tsawataineuk,,
5924805,2011,,634,Ehattesaht,,,
5941801,2011,,711,Esk'etemc,,,
5917811,2011,,644,Esquimalt,,,
5959806,2011,,543,Fort Nelson First Nation,,,
5949812,2011,,531,Gitanmaax,,,
5949815,2011,,537,Gitanyow,,,
5947806,2011,,675,Gitga'at First Nation,,,
5949814,2011,,535,Gitsegukla,Kitsegugkla - Gitxsan,,
5949816,2011,,536,Gitwangak Band Council,Kitwanga,,
5947807,2011,,672,Gitxaala Nation,Kitkatla,,
5943806,2011,,724,Gwa'sala-Nakwaxda'xw Nation,,,
5943809,2011,,627,Gwawaenuk Tribe,,,
5949811,2011,,534,Hagwilget Village Council,,,
5949803,2011,,676,Haisla Nation,Kitimaat Village Council,,
5919801,2011,,645,Halalt,,,
5955808,2011,,546,Halfway River First Nation,,,
5945801,2011,,538,Heiltsuk,Bella Bella Indian Band,,
5923824,2011,,661,Hesquiaht,,,
5933819,2011,,703,High Bar,,,
5924840,2011,,552,Homalco,,,
5923801,2011,,664,Hupacasath First Nation,,,
5923803,2011,,663,Huu-Ay-Aht First Nation,,,
5949832,2011,,683,Iskut,,,
5926801,2011,,624,K'ómoks First Nation,Comox Indian Band,,
5924806,2011,,638,Ka:'yu:'k't'h'/Che:k:tles7et'h' First Nations,Kyoquot First Nation,,
5933882,2011,,704,Kanaka Bar,,,
5915830,2011,,563,Katzie,,,
5949813,2011,,532,Kispiox,,,
5949802,2011,,540,Kitasoo/Xai'xais,Klemtu,,
5949807,2011,,680,Kitselas,,,
5949804,2011,,681,Kitsumkalum,,,
5924820,2011,,553,Klahoose First Nation,,,
5955807,2011,,610,Kwadacha,Fort Ware,,
5943815,2011,,626,Kwakiutl,,,
5915816,2011,,564,Kwantlen First Nation,Fort Langley Band,,
5909821,2011,,580,Kwaw-Kwaw-a-pilt First Nation,,,
,,7029,628,Kwiakah,,,
5943837,2011,,625,Kwikwasut'inuxw Haxwa'mis,Kwicksutaineuk/Ah-Kwa-Mish Tribes,,
5915805,2011,,560,Kwikwetlem First Nation,,,
5951827,2011,,607,Lake Babine Nation,,,
5919812,2011,,643,Lake Cowichan First Nation,,,
5947809,2011,,674,Lax Kw'alaams,,,
5909880,2011,,579,Leq' A: Mel First Nation,Lakahahmen,,
5953801,2011,,611,Lheidli T'enneh,,,
5941833,2011,,721,Lhoosk'uz Dene Nation,Kluskus Indian Band,,
5943837,2011,,715,Lhtako Dene Nation,Red Bluff,,
5931843,2011,,557,Lil'wat,Mount Currie Indian Band,,
5939805,2011,,689,Little Shuswap Lake,,,
5903807,2011,,606,Lower Kootenay,Yaqan nu?kiy,,
5933807,2011,,695,Lower Nicola,,,
5957813,2011,,502,Lower Post First Nation,Daylu Dene Nation,,"AANDC First Nation Profiles includes this nation in Yukon, not BC. Population is for entire Liard First Nation."
5907805,2011,,598,Lower Similkameen,,,
5919811,2011,,646,Lyackson,,,
5933853,2011,,705,Lytton,,,
5919815,2011,,647,Malahat First Nation,,,
,,7030,629,Mamalilikulla-Qwe'qwa'sot'em,,,
5909878,2011,,565,Matsqui,,,
5953802,2011,,618,Mcleod Lake,,,
5947810,2011,,673,Metlakatla,,,
5949817,2011,,530,Moricetown,,,
5924803,2011,,630,Mowachaht/Muchalaht,,,
5915803,2011,,550,Musqueam,,,
5931844,2011,,556,N'quatqua,Anderson Lake,,
5951802,2011,,612,Nadleh Whuten,,,
5951803,2011,,614,Nak'azdli,,,
5943837,2011,,631,Namgis First Nation,,,
5921805,2011,,649,Nanoose First Nation,Snaw-naw-as,,
5941837,2011,,720,Nazko First Nation,,,
5951819,2011,,726,Nee-Tahi-Buhn Band,,,
5933838,2011,,690,Neskonlith,,,
5933851,2011,,696,Nicomen,,,
5933851,2011,,671,Nisga'a Lisims Government,,,
5933851,2011,,677,Nisga'a Lisims Government,,,
5933851,2011,,678,Nisga'a Lisims Government,,,
5949035,2011,,679,Nisga'a Lisims Government,,,
5933808,2011,,699,Nooaitch,,,
5924833,2011,,639,Nuchatlaht,,,
5945802,2011,,539,Nuxalk Nation,Bella Coola Band,,
5939804,2011,,616,Okanagan Indian Band,,,
5947803,2011,,669,Old Massett Village Council,,,
5933854,2011,,692,Oregon Jack Creek,,,
5907802,2011,,596,Osoyoos Indian Band,,,
5945803,2011,,541,Oweekeno Nation,Wuikinuxv,,
5917815,2011,,658,Pacheedaht First Nation,,,
5917801,2011,,652,Pauquachin,,,
5919809,2011,,650,Penelakut Tribe,,,
5907803,2011,,597,Penticton,,,
5909843,2011,,586,Peters,,,
5909844,2011,,585,Popkum,,,
5959810,2011,,544,Prophet River First Nation,Denetsaa Tse K'Nai,,
5915029,2011,,566,Qayqayt,New Westminster,,The CSD record used to locate this First Nation is the the City of New Westminster CSD.
5921806,2011,,651,Qualicum First Nation,,,
5943816,2011,,633,Quatsino,,,
5951809,2011,,615,Saik'uz First Nation,,,
5909883,2011,,567,Samahquam,,,
5955801,2011,,542,Saulteau First Nations,,,
5909882,2011,,568,Scowlitz,,,
5909832,2011,,581,Seabird Island,,,
5929803,2011,,551,Sechelt,,,
5915801,2011,,569,Semiahmoo,,,
5931831,2011,,595,Seton Lake,,,
5933859,2011,,698,Shackan,,,
5901806,2011,,605,Shuswap,,,
5909807,2011,,587,Shxw'ow'hamel First Nation,,,
5909826,2011,,570,Shxwhá:y Village,Skway,,
5949818,2011,,533,Sik-e-Dakh ,Glen Vowell,,
5933887,2011,,691,Simpcw First Nation,North Thompson River Indian Band,,
5933849,2011,,706,Siska,,,
5909845,2011,,562,Skatin Nations,Skookumchuck,,
5909814,2011,,582,Skawahlook First Nation,,,
5933817,2011,,687,Skeetchestn Indian Band,Deadman's Creek,,
5947804,2011,,670,Skidegate,,,
5951823,2011,,726,Skin Tyee,,,
5909884,2011,,571,Skowkale,,,
5933825,2011,,707,Skuppah,,,
5909824,2011,,573,Skwah,,,
5927802,2011,,554,Sliammon,Tla'amin,,
5921804,2011,,648,Snuneymuxw First Nation,,,
5917812,2011,,656,Songhees First Nation,,,
5909827,2011,,572,Soowahlie,,,
5937802,2011,,600,Splatsin,Spallumcheen,,
5909816,2011,,708,Spuzzum,,,
5915807,2011,,555,Squamish,,,
5909885,2011,,574,Squiala First Nation,,,
5951807,2011,,613,Stellat'en First Nation,,,
5909839,2011,,559,Sts'ailes,Chehalis Indian Band,,
5941806,2011,,723,Stswecem'c Xgat'tem First Nation,Canoe Creek Indian Band,,
5919804,2011,,641,Stz'uminus First Nation,Chemainus First Nation,,
5909877,2011,,578,Sumas First Nation,,,
5931821,2011,,593,T'it'q'et Administration,Lillooet Indian Band,,
5917819,2011,,657,T'sou-Ke First Nation,Sooke,,
5949843,2011,,682,Tahltan,,,
5951848,2011,,608,Takla Lake First Nation,,,
5957802,2011,,501,Taku River Tlingit,Atlin First Nation,,"AANDC First Nation Profiles includes this nation in Yukon, not BC.                                                         "
5933880,2011,,688,Tk'emlúps te Secwépemc,Kamloops Indian Band,,
5951810,2011,,617,Tl'azt'en Nation,,,
5941821,2011,,712,Tl'etinqox Government,Anaham Indian Band,,
5923813,2011,,660,Tla-o-qui-aht First Nations,Clayoquot,,
5943836,2011,,632,Tlatlasikwala,,,
,,7113,637,Tlowitsis Nation,,,
5901801,2011,,603,Tobacco Plains Indian Band,,,
5941850,2011,,718,Toosey,Tl'esqox,,
5923810,2011,,666,Toquaht,,,
5931829,2011,,594,Ts'kw'aylaxw First Nation,Pavilion,,
5917804,2011,,653,Tsartlip,,,
5917803,2011,,654,Tsawout First Nation,,,
5915802,2011,,577,Tsawwassen First Nation,,,
5955812,2011,,609,Tsay Keh Dene,,,Location matched to CSD based on map on Tsay Keh Dene web site.
5923816,2011,,665,Tseshaht First Nation,,,
5917802,2011,,655,Tseycum First Nation,,,
5941839,2011,,710,Tsi Del Del,Alexis Creek,,
5915806,2011,,549,Tsleil-Waututh Nation,Burrard Band,,
5909830,2011,,575,Tzeachten,,,
5923805,2011,,667,Uchucklesaht,,,
5923807,2011,,668,Ucluelet First Nation,,,
5941840,2011,,722,Ulkatcho,,,
5909808,2011,,588,Union Bar,,,
5933802,2011,,697,Upper Nicola,,,
5907807,2011,,599,Upper Similkameen,,,
5955802,2011,,545,West Moberly First Nations,,,
5935802,2011,,601,Westbank First Nation,,,
5951820,2011,,725,Wet'suwet'en First Nation,,,
5933877,2011,,702,Whispering Pines/Clinton,,,
5941812,2011,,719,Williams Lake,,,
5909842,2011,,561,Xa’xtsa,Douglas First Nation,,
5941805,2011,,716,Xat'sull,Soda Creek Indian Band,,
5931816,2011,,592,Xaxli'p,Fountain,,
5941829,2011,,714,Xeni Gwet'in First Nations Government,Nemaiah Band,,
5931813,2011,,590,Xwisten,Bridge River,,
5909831,2011,,576,Yakweakwioose,,,
5909818,2011,,589,Yale First Nation,,,
5951801,2011,,728,Yekooche First Nation,,,
5941841,2011,,717,Yunesit'in Government,Stone Indian Band,,
